id_cliente,nombre,email
1,Mike Riddle,david45@example.net
2,Monica Gray,kimberlyblackwell@example.com
3,Sandra Potts,denniscoleman@example.net
4,Terri English,codydavis@example.org
5,Michele Fernandez,qlewis@example.org
6,Robin Vargas,gordonbarry@example.org
7,Michael Wilkins,gking@example.org
8,Scott Harris,bfry@example.com
9,Robert Cole,abradley@example.com
10,Anthony Jensen,gary79@example.org
11,Andrew Rodriguez,nsullivan@example.com
12,Larry Romero,david94@example.com
13,Lisa Wheeler,bmccoy@example.org
14,Shelly Garcia,lisaphillips@example.net
15,Theresa Braun,xboyd@example.org
16,Bryan Winters,evargas@example.org
17,Keith Reeves,ugonzalez@example.com
18,Christopher Gomez,richard81@example.org
19,Jody Huffman,paul71@example.net
20,Brittany Taylor,smithlisa@example.org
21,Garrett Jackson,lscott@example.com
22,Mark Boyd,angelarodgers@example.org
23,Tracy Morrow,lisa47@example.org
24,Lisa Preston,kennethedwards@example.net
25,Stephen Strickland,bowenchristina@example.net
26,Kimberly Martinez,vickiramirez@example.com
27,Jennifer Grimes,johnhernandez@example.org
28,Robert Briggs,austin10@example.org
29,Courtney Williams,shawkatrina@example.com
30,Dana Fernandez,singhbrandon@example.net
31,Timothy Wheeler,mkim@example.org
32,Brittany Reid,katie43@example.org
33,Bernard May,ojohns@example.net
34,Cassandra Soto,xsmith@example.net
35,Rose Ellison,williamfoster@example.net
36,Joann Ramirez,dsmith@example.com
37,Kayla Becker,hernandezgene@example.net
38,Karen Morris,lyonsdestiny@example.net
39,Emily Morris,theresa33@example.com
40,Cathy Daugherty,rcruz@example.org
41,Joshua Robinson,joel56@example.org
42,Kimberly Shaffer,leah54@example.org
43,Trevor Gilbert,cknight@example.net
44,Trevor Thompson,lori18@example.net
45,Julian Anderson,careybrian@example.com
46,Tricia Gordon,michaelherring@example.org
47,Samuel Lane,alicia44@example.net
48,Timothy Simmons,hobbsdeborah@example.com
49,Anthony Rios,carlhuffman@example.net
50,Veronica Callahan,mariawallace@example.com
